{"cameraMode":{"drawMode":0,"name":"Shaded","section":"Shading Mode"},"sceneLighting":false,"audioPlay":false,"sceneViewState":{"m_AlwaysRefresh":false,"showFog":true,"showSkybox":false,"showFlares":true,"showImageEffects":true,"showParticleSystems":true,"showVisualEffectGraphs":true,"m_FxEnabled":true},"in2DMode":false,"pivot":{"x":20.235254287719728,"y":3.7582364082336427,"z":173.7520751953125},"rotation":{"x":0.01727498136460781,"y":-0.9819382429122925,"z":0.15772438049316407,"w":0.10480272769927979},"size":1.4636527299880982,"orthographic":false}